label	index
<eos>	0
 	1
!	2
""""	3
#	4
$	5
%	6
&	7
(	8
)	9
*	10
+	11
,	12
-	13
.	14
/	15
0	16
1	17
2	18
3	19
4	20
5	21
6	22
7	23
8	24
9	25
:	26
;	27
<	28
=	29
>	30
?	31
@	32
A	33
B	34
C	35
D	36
F	37
G	38
H	39
I	40
J	41
K	42
L	43
M	44
N	45
O	46
P	47
Q	48
S	49
T	50
U	51
V	52
W	53
X	54
Y	55
Z	56
[	57
]	58
^	59
_	60
`	61
a	62
b	63
c	64
d	65
e	66
f	67
g	68
h	69
i	70
j	71
k	72
l	73
m	74
n	75
o	76
p	77
q	78
r	79
s	80
t	81
u	82
v	83
w	84
x	85
y	86
z	87
{	88
|	89
}	90
~	91
	92
§	93
·	94
à	95
á	96
è	97
ò	98
÷	99
ā	100
ǎ	101
Ο	102
α	103
κ	104
χ	105
ω	106
М	107
С	108
Ф	109
а	110
б	111
о	112
р	113
—	114
―	115
‖	116
‘	117
’	118
“	119
”	120
…	121
″	122
※	123
℃	124
←	125
↑	126
→	127
↓	128
∑	129
√	130
∥	131
∫	132
∽	133
≠	134
≤	135
≥	136
≦	137
≧	138
≮	139
⊙	140
①	141
⑥	142
⑴	143
⑸	144
⑹	145
⒉	146
⒌	147
⒛	148
┅	149
■	150
▲	151
◆	152
○	153
●	154
★	155
☆	156
♀	157
♂	158
　	159
、	160
。	161
《	162
》	163
「	164
」	165
『	166
』	167
【	168
】	169
〗	170
の	171
ロ	172
ㄧ	173
一	174
丁	175
七	176
丄	177
丅	178
丆	179
万	180
丈	181
三	182
上	183
下	184
不	185
与	186
丐	187
丑	188
专	189
且	190
世	191
丘	192
丙	193
业	194
丛	195
东	196
丝	197
丢	198
两	199
严	200
丧	201
丨	202
个	203
丫	204
中	205
丰	206
串	207
临	208
丵	209
丸	210
丹	211
为	212
主	213
丽	214
举	215
丿	216
乃	217
久	218
乇	219
么	220
义	221
之	222
乌	223
乍	224
乎	225
乏	226
乐	227
乒	228
乓	229
乔	230
乖	231
乘	232
乙	233
乜	234
九	235
乞	236
也	237
习	238
乡	239
书	240
买	241
乱	242
乳	243
乾	244
了	245
予	246
争	247
事	248
二	249
亍	250
于	251
亏	252
亐	253
云	254
互	255
亓	256
五	257
井	258
亘	259
亚	260
些	261
亡	262
亢	263
交	264
亦	265
产	266
亨	267
亩	268
享	269
京	270
亭	271
亮	272
亲	273
亳	274
亵	275
人	276
亾	277
亿	278
什	279
仁	280
仂	281
仅	282
仆	283
仇	284
今	285
介	286
仍	287
从	288
仑	289
仒	290
仓	291
仔	292
他	293
仗	294
付	295
仙	296
仝	297
仞	298
代	299
令	300
以	301
仪	302
们	303
仰	304
仲	305
件	306
价	307
任	308
份	309
仿	310
企	311
伊	312
伍	313
伎	314
伏	315
伐	316
休	317
众	318
优	319
伙	320
会	321
伝	322
伞	323
伟	324
传	325
伤	326
伦	327
伪	328
伫	329
伯	330
估	331
伱	332
伴	333
伶	334
伸	335
伺	336
似	337
佃	338
但	339
位	340
低	341
住	342
佐	343
佑	344
体	345
何	346
佘	347
余	348
佚	349
佛	350
作	351
佝	352
你	353
佣	354
佩	355
佬	356
佯	357
佰	358
佳	359
佴	360
佼	361
佾	362
使	363
侃	364
侄	365
侈	366
侉	367
例	368
侍	369
侔	370
供	371
依	372
侠	373
侣	374
侥	375
侦	376
侧	377
侩	378
侪	379
侮	380
侯	381
侵	382
便	383
促	384
俊	385
俎	386
俏	387
俐	388
俑	389
俗	390
俘	391
保	392
俟	393
信	394
俦	395
俨	396
俩	397
俪	398
俭	399
修	400
俯	401
俱	402
俸	403
俺	404
俾	405
倍	406
倏	407
倒	408
倔	409
倘	410
候	411
倚	412
倜	413
借	414
倡	415
倦	416
倨	417
倩	418
倪	419
倬	420
倭	421
债	422
值	423
倾	424
假	425
偌	426
偎	427
偏	428
做	429
停	430
健	431
偶	432
偷	433
偻	434
偾	435
偿	436
傀	437
傅	438
傈	439
傍	440
傥	441
储	442
傩	443
催	444
傲	445
傻	446
像	447
僖	448
僧	449
僵	450
僻	451
儆	452
儒	453
儡	454
儿	455
兀	456
允	457
元	458
兄	459
充	460
兆	461
先	462
光	463
克	464
免	465
兑	466
兔	467
兖	468
党	469
兜	470
兢	471
入	472
全	473
八	474
公	475
六	476
兮	477
兰	478
共	479
关	480
兴	481
兵	482
其	483
具	484
典	485
养	486
兼	487
兽	488
冀	489
内	490
冈	491
冉	492
册	493
再	494
冒	495
冕	496
写	497
军	498
农	499
冠	500
冤	501
冥	502
冬	503
冰	504
冲	505
决	506
况	507
冶	508
冷	509
冻	510
冽	511
净	512
凄	513
准	514
凉	515
凋	516
凌	517
减	518
凑	519
凛	520
凝	521
几	522
凡	523
凤	524
凭	525
凯	526
凰	527
凳	528
凶	529
凸	530
凹	531
出	532
击	533
凼	534
函	535
凿	536
刀	537
刁	538
刃	539
分	540
切	541
刊	542
刎	543
刑	544
划	545
列	546
刘	547
则	548
刚	549
创	550
初	551
删	552
判	553
刨	554
利	555
别	556
刭	557
刮	558
到	559
制	560
刷	561
券	562
刹	563
刺	564
刻	565
刽	566
剁	567
剂	568
削	569
剌	570
前	571
剐	572
剑	573
剔	574
剖	575
剥	576
剧	577
剩	578
剪	579
副	580
割	581
剽	582
剿	583
劁	584
劈	585
力	586
劝	587
办	588
功	589
加	590
务	591
劢	592
劣	593
动	594
助	595
努	596
劫	597
励	598
劲	599
劳	600
势	601
勃	602
勇	603
勉	604
勋	605
勐	606
勒	607
勖	608
募	609
勤	610
勲	611
勺	612
勾	613
勿	614
匀	615
包	616
匆	617
匍	618
匐	619
匕	620
化	621
北	622
匙	623
匠	624
匡	625
匣	626
匪	627
匮	628
匹	629
区	630
医	631
匾	632
匿	633
十	634
千	635
升	636
午	637
卉	638
半	639
华	640
协	641
卑	642
卒	643
卓	644
单	645
卖	646
南	647
博	648
卜	649
卟	650
占	651
卡	652
卢	653
卦	654
卧	655
卫	656
卯	657
印	658
危	659
即	660
却	661
卵	662
卷	663
卸	664
卿	665
厂	666
厄	667
厅	668
历	669
厉	670
压	671
厌	672
厕	673
厘	674
厚	675
原	676
厢	677
厥	678
厨	679
厩	680
厮	681
去	682
县	683
参	684
又	685
叉	686
及	687
友	688
双	689
反	690
发	691
叔	692
取	693
受	694
变	695
叙	696
叛	697
叟	698
叠	699
口	700
古	701
句	702
另	703
叨	704
只	705
叫	706
召	707
叭	708
叮	709
可	710
台	711
叱	712
史	713
右	714
叶	715
号	716
司	717
叹	718
叼	719
叽	720
吁	721
吃	722
各	723
吆	724
合	725
吉	726
吊	727
同	728
名	729
后	730
吏	731
吐	732
向	733
吓	734
吗	735
君	736
吝	737
吞	738
吟	739
吠	740
否	741
吧	742
吩	743
含	744
听	745
吭	746
启	747
吱	748
吴	749
吵	750
吸	751
吹	752
吻	753
吼	754
吾	755
呀	756
呃	757
呆	758
呈	759
告	760
呐	761
呕	762
呗	763
员	764
呛	765
呜	766
呢	767
呤	768
呦	769
周	770
呯	771
呱	772
呲	773
味	774
呵	775
呸	776
呻	777
呼	778
命	779
咀	780
咂	781
咄	782
咆	783
咋	784
和	785
咎	786
咐	787
咒	788
咔	789
咕	790
咖	791
咙	792
咚	793
咛	794
咣	795
咤	796
咦	797
咧	798
咩	799
咪	800
咫	801
咬	802
咯	803
咱	804
咳	805
咸	806
咻	807
咽	808
咿	809
哀	810
品	811
哄	812
哆	813
哇	814
哈	815
哉	816
响	817
哎	818
哐	819
哑	820
哒	821
哕	822
哗	823
哙	824
哚	825
哜	826
哝	827
哞	828
哟	829
哥	830
哦	831
哧	832
哨	833
哩	834
哪	835
哭	836
哮	837
哲	838
哺	839
哼	840
哽	841
唆	842
唇	843
唉	844
唏	845
唐	846
唔	847
唠	848
唢	849
唤	850
唧	851
唬	852
售	853
唯	854
唰	855
唱	856
唳	857
唷	858
唾	859
啃	860
啄	861
商	862
啊	863
啐	864
啡	865
啤	866
啥	867
啦	868
啧	869
啪	870
啬	871
啰	872
啵	873
啸	874
啼	875
喀	876
喁	877
喂	878
喃	879
善	880
喇	881
喈	882
喉	883
喊	884
喋	885
喏	886
喔	887
喘	888
喜	889
喝	890
喟	891
喧	892
喳	893
喵	894
喷	895
喹	896
喻	897
喽	898
嗅	899
嗍	900
嗒	901
嗓	902
嗔	903
嗖	904
嗜	905
嗝	906
嗡	907
嗤	908
嗥	909
嗦	910
嗨	911
嗬	912
嗯	913
嗷	914
嗽	915
嘀	916
嘁	917
嘈	918
嘉	919
嘎	920
嘘	921
嘛	922
嘞	923
嘟	924
嘣	925
嘤	926
嘭	927
嘱	928
嘲	929
嘴	930
嘶	931
嘹	932
嘻	933
嘿	934
噌	935
噎	936
噔	937
噗	938
噙	939
噜	940
噢	941
噤	942
器	943
噩	944
噪	945
噬	946
噶	947
噼	948
嚅	949
嚎	950
嚏	951
嚓	952
嚣	953
嚷	954
嚼	955
囊	956
囓	957
囔	958
囗	959
囚	960
四	961
回	962
因	963
囡	964
团	965
囤	966
囦	967
囫	968
园	969
困	970
囱	971
围	972
囹	973
固	974
国	975
图	976
圃	977
圆	978
圈	979
圉	980
圝	981
土	982
圣	983
在	984
圭	985
地	986
圹	987
场	988
圾	989
址	990
均	991
坊	992
坍	993
坎	994
坏	995
坐	996
坑	997
块	998
坚	999
坛	1000
坝	1001
坞	1002
坟	1003
坠	1004
坡	1005
坤	1006
坦	1007
坨	1008
坪	1009
坳	1010
坶	1011
坷	1012
垂	1013
垃	1014
垄	1015
型	1016
垒	1017
垛	1018
垩	1019
垫	1020
垭	1021
垮	1022
埃	1023
埋	1024
城	1025
域	1026
埠	1027
埯	1028
培	1029
基	1030
堀	1031
堂	1032
堆	1033
堇	1034
堑	1035
堕	1036
堡	1037
堤	1038
堪	1039
堵	1040
塌	1041
塑	1042
塔	1043
塘	1044
塞	1045
填	1046
境	1047
墓	1048
墙	1049
增	1050
墟	1051
墨	1052
墩	1053
墼	1054
壁	1055
壑	1056
壤	1057
士	1058
壬	1059
壮	1060
声	1061
壳	1062
壶	1063
处	1064
备	1065
复	1066
夏	1067
夕	1068
外	1069
夙	1070
多	1071
夜	1072
够	1073
大	1074
天	1075
太	1076
夫	1077
夭	1078
央	1079
夯	1080
失	1081
头	1082
夷	1083
夸	1084
夹	1085
夺	1086
奂	1087
奄	1088
奇	1089
奈	1090
奉	1091
奋	1092
奎	1093
奏	1094
契	1095
奔	1096
奕	1097
奖	1098
套	1099
奚	1100
奠	1101
奢	1102
奥	1103
女	1104
奴	1105
奶	1106
奸	1107
她	1108
好	1109
妁	1110
如	1111
妃	1112
妄	1113
妆	1114
妇	1115
妈	1116
妊	1117
妍	1118
妒	1119
妓	1120
妖	1121
妙	1122
妞	1123
妤	1124
妥	1125
妨	1126
妩	1127
妪	1128
妮	1129
妯	1130
妹	1131
妻	1132
妾	1133
姆	1134
始	1135
姐	1136
姑	1137
姓	1138
委	1139
姗	1140
姘	1141
姚	1142
姜	1143
姝	1144
姣	1145
姥	1146
姨	1147
姬	1148
姻	1149
姿	1150
威	1151
娃	1152
娄	1153
娆	1154
娇	1155
娈	1156
娑	1157
娘	1158
娜	1159
娟	1160
娩	1161
娱	1162
娴	1163
娶	1164
娿	1165
婀	1166
婆	1167
婉	1168
婚	1169
婢	1170
婪	1171
婴	1172
婵	1173
婷	1174
婺	1175
婿	1176
媒	1177
媚	1178
媲	1179
媳	1180
媸	1181
嫁	1182
嫂	1183
嫉	1184
嫌	1185
嫜	1186
嫡	1187
嫣	1188
嫩	1189
嬉	1190
嬖	1191
嬴	1192
嬷	1193
子	1194
孑	1195
孓	1196
孔	1197
孕	1198
字	1199
存	1200
孙	1201
孚	1202
孛	1203
孝	1204
孟	1205
季	1206
孤	1207
学	1208
孩	1209
孪	1210
孬	1211
孰	1212
孱	1213
孵	1214
學	1215
孺	1216
孽	1217
宁	1218
它	1219
宄	1220
宅	1221
宇	1222
守	1223
安	1224
宋	1225
完	1226
宏	1227
宕	1228
宗	1229
官	1230
定	1231
宛	1232
宜	1233
宝	1234
实	1235
宠	1236
审	1237
客	1238
宣	1239
室	1240
宫	1241
宰	1242
害	1243
宴	1244
宵	1245
家	1246
宸	1247
容	1248
宽	1249
宾	1250
宿	1251
寂	1252
寄	1253
寅	1254
密	1255
寇	1256
富	1257
寐	1258
寒	1259
寝	1260
寞	1261
察	1262
寡	1263
寥	1264
寨	1265
寮	1266
寰	1267
寸	1268
对	1269
寺	1270
寻	1271
导	1272
寿	1273
封	1274
射	1275
将	1276
尉	1277
尊	1278
小	1279
少	1280
尔	1281
尖	1282
尘	1283
尚	1284
尝	1285
尤	1286
尧	1287
尬	1288
就	1289
尴	1290
尸	1291
尺	1292
尼	1293
尽	1294
尾	1295
尿	1296
局	1297
屁	1298
层	1299
居	1300
屈	1301
屉	1302
届	1303
屋	1304
屎	1305
屏	1306
屑	1307
展	1308
属	1309
屠	1310
屡	1311
履	1312
屯	1313
山	1314
屹	1315
屿	1316
岁	1317
岂	1318
岌	1319
岔	1320
岗	1321
岙	1322
岚	1323
岛	1324
岢	1325
岣	1326
岩	1327
岫	1328
岬	1329
岭	1330
岳	1331
岵	1332
岸	1333
峄	1334
峙	1335
峡	1336
峥	1337
峦	1338
峨	1339
峪	1340
峭	1341
峰	1342
峻	1343
崂	1344
崇	1345
崌	1346
崖	1347
崛	1348
崦	1349
崧	1350
崩	1351
崭	1352
崴	1353
崽	1354
嵌	1355
嵘	1356
嵛	1357
嵜	1358
嶷	1359
巅	1360
巍	1361
川	1362
州	1363
巡	1364
巢	1365
工	1366
左	1367
巧	1368
巨	1369
巩	1370
巫	1371
差	1372
己	1373
已	1374
巳	1375
巴	1376
巷	1377
巽	1378
巾	1379
币	1380
市	1381
布	1382
帅	1383
帆	1384
师	1385
希	1386
帐	1387
帑	1388
帕	1389
帖	1390
帘	1391
帜	1392
帝	1393
带	1394
帧	1395
席	1396
帮	1397
帷	1398
常	1399
帽	1400
幂	1401
幄	1402
幅	1403
幕	1404
幢	1405
干	1406
平	1407
年	1408
并	1409
幸	1410
幺	1411
幻	1412
幼	1413
幽	1414
广	1415
庄	1416
庆	1417
庇	1418
床	1419
庋	1420
序	1421
庐	1422
庑	1423
库	1424
应	1425
底	1426
庖	1427
店	1428
府	1429
庞	1430
废	1431
度	1432
座	1433
庭	1434
庳	1435
庶	1436
康	1437
庸	1438
廉	1439
廊	1440
廑	1441
廓	1442
廖	1443
延	1444
廷	1445
建	1446
开	1447
弁	1448
异	1449
弃	1450
弄	1451
弈	1452
弊	1453
式	1454
弓	1455
引	1456
弗	1457
弘	1458
弛	1459
弟	1460
张	1461
弥	1462
弦	1463
弧	1464
弩	1465
弯	1466
弱	1467
弹	1468
强	1469
归	1470
当	1471
录	1472
彖	1473
彗	1474
彝	1475
形	1476
彤	1477
彩	1478
彪	1479
彭	1480
彰	1481
影	1482
彷	1483
役	1484
彻	1485
彼	1486
往	1487
征	1488
徂	1489
径	1490
待	1491
徇	1492
很	1493
徊	1494
律	1495
徐	1496
徒	1497
得	1498
徘	1499
徙	1500
御	1501
徨	1502
循	1503
微	1504
徵	1505
德	1506
徼	1507
徽	1508
心	1509
必	1510
忆	1511
忌	1512
忍	1513
忐	1514
忑	1515
忒	1516
志	1517
忘	1518
忙	1519
忠	1520
忡	1521
忤	1522
忧	1523
忪	1524
快	1525
忱	1526
念	1527
忽	1528
忾	1529
忿	1530
怀	1531
态	1532
怂	1533
怅	1534
怆	1535
怊	1536
怎	1537
怏	1538
怒	1539
怔	1540
怕	1541
怖	1542
怙	1543
怜	1544
思	1545
怠	1546
怡	1547
急	1548
怦	1549
性	1550
怨	1551
怪	1552
怯	1553
总	1554
恁	1555
恃	1556
恋	1557
恍	1558
恐	1559
恒	1560
恕	1561
恙	1562
恝	1563
恢	1564
恤	1565
恨	1566
恩	1567
恫	1568
恬	1569
恭	1570
息	1571
恰	1572
恳	1573
恶	1574
恹	1575
恻	1576
恼	1577
恿	1578
悄	1579
悉	1580
悍	1581
悔	1582
悖	1583
悚	1584
悟	1585
悠	1586
患	1587
悦	1588
您	1589
悬	1590
悯	1591
悲	1592
悴	1593
悸	1594
悻	1595
悼	1596
情	1597
惆	1598
惊	1599
惋	1600
惑	1601
惔	1602
惕	1603
惘	1604
惚	1605
惜	1606
惟	1607
惠	1608
惦	1609
惧	1610
惨	1611
惩	1612
惫	1613
惬	1614
惭	1615
惮	1616
惯	1617
惰	1618
想	1619
惶	1620
惹	1621
惺	1622
愀	1623
愁	1624
愈	1625
愉	1626
愍	1627
意	1628
愕	1629
愚	1630
感	1631
愠	1632
愣	1633
愤	1634
愧	1635
愫	1636
愿	1637
慈	1638
慊	1639
慌	1640
慎	1641
慑	1642
慕	1643
慢	1644
慧	1645
慨	1646
慰	1647
慵	1648
慷	1649
憋	1650
憔	1651
憧	1652
憨	1653
憩	1654
憾	1655
懂	1656
懈	1657
懊	1658
懒	1659
懦	1660
懵	1661
戈	1662
戋	1663
戌	1664
戍	1665
戎	1666
戏	1667
成	1668
我	1669
戒	1670
或	1671
战	1672
戚	1673
戛	1674
戟	1675
截	1676
戬	1677
戮	1678
戳	1679
戴	1680
户	1681
戾	1682
房	1683
所	1684
扁	1685
扇	1686
扈	1687
扉	1688
手	1689
才	1690
扎	1691
扑	1692
扒	1693
打	1694
扔	1695
托	1696
扛	1697
扞	1698
扣	1699
扦	1700
执	1701
扩	1702
扪	1703
扫	1704
扬	1705
扭	1706
扮	1707
扯	1708
扰	1709
扳	1710
扶	1711
批	1712
扼	1713
找	1714
承	1715
技	1716
抄	1717
抉	1718
把	1719
抑	1720
抒	1721
抓	1722
投	1723
抖	1724
抗	1725
折	1726
抚	1727
抛	1728
抟	1729
抠	1730
抡	1731
抢	1732
护	1733
报	1734
披	1735
抬	1736
抱	1737
抵	1738
抹	1739
押	1740
抽	1741
抿	1742
拂	1743
拄	1744
担	1745
拆	1746
拇	1747
拈	1748
拉	1749
拍	1750
拎	1751
拐	1752
拒	1753
拓	1754
拔	1755
拖	1756
拗	1757
拘	1758
拙	1759
招	1760
拜	1761
拢	1762
拣	1763
拥	1764
拦	1765
拧	1766
拨	1767
择	1768
括	1769
拭	1770
拮	1771
拯	1772
拱	1773
拳	1774
拴	1775
拷	1776
拼	1777
拽	1778
拾	1779
拿	1780
持	1781
挂	1782
指	1783
按	1784
挎	1785
挑	1786
挖	1787
挚	1788
挞	1789
挟	1790
挠	1791
挡	1792
挣	1793
挤	1794
挥	1795
挨	1796
挪	1797
挫	1798
振	1799
挲	1800
挺	1801
挽	1802
捂	1803
捅	1804
捆	1805
捉	1806
捋	1807
捍	1808
捎	1809
捏	1810
捐	1811
捕	1812
捞	1813
损	1814
捡	1815
换	1816
捣	1817
捧	1818
据	1819
捱	1820
捶	1821
捷	1822
捺	1823
捻	1824
掀	1825
掂	1826
掇	1827
授	1828
掉	1829
掊	1830
掌	1831
掎	1832
掏	1833
掐	1834
排	1835
掘	1836
掠	1837
探	1838
掣	1839
接	1840
控	1841
推	1842
掩	1843
措	1844
掰	1845
掳	1846
掷	1847
掺	1848
掾	1849
揉	1850
揍	1851
描	1852
提	1853
插	1854
握	1855
揣	1856
揪	1857
揭	1858
援	1859
揽	1860
搀	1861
搁	1862
搂	1863
搅	1864
搏	1865
搐	1866
搓	1867
搔	1868
搜	1869
搞	1870
搡	1871
搪	1872
搬	1873
搭	1874
携	1875
搽	1876
摁	1877
摄	1878
摆	1879
摇	1880
摊	1881
摒	1882
摔	1883
摘	1884
摞	1885
摧	1886
摩	1887
摸	1888
摹	1889
摺	1890
撂	1891
撅	1892
撇	1893
撑	1894
撒	1895
撕	1896
撞	1897
撤	1898
撩	1899
撬	1900
播	1901
撮	1902
撵	1903
撸	1904
撼	1905
擂	1906
擅	1907
操	1908
擎	1909
擒	1910
擘	1911
擞	1912
擢	1913
擦	1914
攀	1915
攘	1916
支	1917
收	1918
攸	1919
改	1920
攻	1921
放	1922
政	1923
故	1924
效	1925
敌	1926
敏	1927
救	1928
敕	1929
敖	1930
教	1931
敛	1932
敝	1933
敞	1934
敢	1935
散	1936
敫	1937
敬	1938
数	1939
敲	1940
整	1941
敷	1942
文	1943
斋	1944
斐	1945
斑	1946
斓	1947
斗	1948
料	1949
斜	1950
斟	1951
斡	1952
斤	1953
斥	1954
斧	1955
斩	1956
斫	1957
断	1958
斯	1959
新	1960
方	1961
施	1962
旁	1963
旄	1964
旅	1965
旋	1966
旎	1967
族	1968
旖	1969
旗	1970
无	1971
既	1972
日	1973
旦	1974
旧	1975
旨	1976
早	1977
旬	1978
旭	1979
旯	1980
旰	1981
旱	1982
时	1983
旷	1984
旺	1985
昂	1986
昆	1987
昊	1988
昌	1989
明	1990
昏	1991
易	1992
昔	1993
昙	1994
昝	1995
星	1996
映	1997
春	1998
昧	1999
昨	2000
昭	2001
是	2002
昱	2003
昵	2004
昼	2005
显	2006
晃	2007
晋	2008
晌	2009
晏	2010
晒	2011
晓	2012
晕	2013
晖	2014
晚	2015
晢	2016
晦	2017
晨	2018
普	2019
景	2020
晰	2021
晴	2022
晶	2023
晷	2024
智	2025
晾	2026
暂	2027
暇	2028
暌	2029
暑	2030
暖	2031
暗	2032
暝	2033
暧	2034
暮	2035
暴	2036
曙	2037
曜	2038
曝	2039
曦	2040
曩	2041
曰	2042
曲	2043
曳	2044
更	2045
曷	2046
書	2047
曹	2048
曼	2049
曾	2050
替	2051
最	2052
月	2053
有	2054
朋	2055
服	2056
朔	2057
朗	2058
望	2059
朝	2060
期	2061
朦	2062
木	2063
未	2064
末	2065
本	2066
札	2067
术	2068
朱	2069
朴	2070
朵	2071
机	2072
朽	2073
杀	2074
杂	2075
权	2076
杆	2077
杈	2078
杉	2079
李	2080
杏	2081
材	2082
村	2083
杖	2084
杜	2085
杞	2086
束	2087
杠	2088
条	2089
来	2090
杨	2091
杭	2092
杯	2093
杰	2094
杲	2095
杳	2096
杵	2097
杷	2098
松	2099
板	2100
极	2101
构	2102
枉	2103
析	2104
枕	2105
林	2106
枚	2107
果	2108
枝	2109
枢	2110
枥	2111
枪	2112
枫	2113
枭	2114
枯	2115
枰	2116
枵	2117
架	2118
枷	2119
枸	2120
柃	2121
柄	2122
柏	2123
某	2124
柑	2125
柒	2126
染	2127
柔	2128
柚	2129
柜	2130
柞	2131
查	2132
柬	2133
柯	2134
柱	2135
柳	2136
柴	2137
柽	2138
柿	2139
栅	2140
标	2141
栈	2142
栋	2143
栏	2144
树	2145
栓	2146
栖	2147
栗	2148
栝	2149
校	2150
栩	2151
株	2152
样	2153
核	2154
根	2155
格	2156
栽	2157
桀	2158
桂	2159
桃	2160
桅	2161
框	2162
案	2163
桊	2164
桌	2165
桑	2166
桔	2167
档	2168
桥	2169
桧	2170
桨	2171
桩	2172
桶	2173
桷	2174
梁	2175
梃	2176
梅	2177
梏	2178
梗	2179
梢	2180
梦	2181
梧	2182
梨	2183
梭	2184
梯	2185
械	2186
梳	2187
梵	2188
检	2189
棉	2190
棋	2191
棍	2192
棒	2193
棘	2194
棚	2195
森	2196
棱	2197
棵	2198
棹	2199
棺	2200
椁	2201
椅	2202
植	2203
椎	2204
椒	2205
椟	2206
椭	2207
椹	2208
椿	2209
楗	2210
楚	2211
楝	2212
楞	2213
楫	2214
楸	2215
楹	2216
楼	2217
概	2218
榄	2219
榈	2220
榉	2221
榘	2222
榜	2223
榨	2224
榫	2225
榴	2226
榷	2227
榻	2228
槁	2229
槌	2230
槎	2231
槐	2232
槔	2233
槛	2234
槟	2235
槽	2236
模	2237
横	2238
樱	2239
樵	2240
橄	2241
橘	2242
橙	2243
橡	2244
橹	2245
檀	2246
檄	2247
檎	2248
檐	2249
檠	2250
欠	2251
次	2252
欢	2253
欣	2254
欧	2255
欲	2256
欺	2257
款	2258
歃	2259
歇	2260
歉	2261
歌	2262
歙	2263
止	2264
正	2265
此	2266
步	2267
武	2268
歧	2269
歪	2270
歹	2271
死	2272
歼	2273
殁	2274
殃	2275
殄	2276
殆	2277
殉	2278
殊	2279
残	2280
殓	2281
殖	2282
殚	2283
殴	2284
段	2285
殷	2286
殿	2287
毁	2288
毅	2289
毋	2290
母	2291
每	2292
毒	2293
比	2294
毕	2295
毖	2296
毗	2297
毙	2298
毛	2299
毡	2300
毫	2301
毯	2302
毳	2303
氏	2304
氐	2305
民	2306
氓	2307
气	2308
氛	2309
氟	2310
氤	2311
氧	2312
氲	2313
水	2314
氵	2315
永	2316
氽	2317
汀	2318
汁	2319
求	2320
汇	2321
汉	2322
汐	2323
汗	2324
汛	2325
汝	2326
江	2327
池	2328
污	2329
汤	2330
汨	2331
汩	2332
汪	2333
汰	2334
汲	2335
汶	2336
汹	2337
汽	2338
沁	2339
沃	2340
沈	2341
沉	2342
沌	2343
沐	2344
沓	2345
沙	2346
沛	2347
沟	2348
没	2349
沦	2350
沧	2351
沪	2352
沫	2353
沮	2354
河	2355
沸	2356
油	2357
治	2358
沼	2359
沽	2360
沾	2361
沿	2362
泄	2363
泉	2364
泊	2365
泌	2366
法	2367
泛	2368
泡	2369
波	2370
泣	2371
泥	2372
注	2373
泪	2374
泮	2375
泰	2376
泱	2377
泳	2378
泻	2379
泼	2380
泽	2381
泾	2382
洁	2383
洋	2384
洒	2385
洗	2386
洚	2387
洛	2388
洞	2389
津	2390
洧	2391
洪	2392
洱	2393
洲	2394
活	2395
洼	2396
洽	2397
派	2398
流	2399
浅	2400
浆	2401
浇	2402
浊	2403
测	2404
济	2405
浏	2406
浑	2407
浓	2408
浙	2409
浩	2410
浪	2411
浮	2412
浴	2413
海	2414
浸	2415
浼	2416
涂	2417
涅	2418
消	2419
涉	2420
涌	2421
涎	2422
涑	2423
涓	2424
涔	2425
涕	2426
涛	2427
涟	2428
涠	2429
涡	2430
涣	2431
涤	2432
润	2433
涧	2434
涨	2435
涩	2436
涮	2437
涯	2438
液	2439
涵	2440
涿	2441
淀	2442
淄	2443
淅	2444
淆	2445
淇	2446
淋	2447
淌	2448
淑	2449
淘	2450
淡	2451
淤	2452
淫	2453
淬	2454
深	2455
淳	2456
混	2457
淹	2458
添	2459
淼	2460
清	2461
渊	2462
渍	2463
渎	2464
渏	2465
渐	2466
渔	2467
渗	2468
渝	2469
渠	2470
渡	2471
渣	2472
温	2473
渭	2474
渲	2475
渴	2476
游	2477
渺	2478
湃	2479
湖	2480
湘	2481
湛	2482
湮	2483
湿	2484
溃	2485
溅	2486
源	2487
溘	2488
溜	2489
溢	2490
溥	2491
溪	2492
溯	2493
溱	2494
溲	2495
溶	2496
溺	2497
滂	2498
滇	2499
滋	2500
滑	2501
滓	2502
滔	2503
滕	2504
滚	2505
滞	2506
满	2507
滤	2508
滥	2509
滦	2510
滩	2511
滴	2512
漂	2513
漆	2514
漏	2515
漓	2516
演	2517
漠	2518
漩	2519
漪	2520
漫	2521
漱	2522
漳	2523
漾	2524
潇	2525
潜	2526
潞	2527
潢	2528
潦	2529
潭	2530
潮	2531
澄	2532
澈	2533
澉	2534
澎	2535
澜	2536
澡	2537
澹	2538
激	2539
濒	2540
濞	2541
濡	2542
濯	2543
瀑	2544
瀚	2545
瀹	2546
灌	2547
火	2548
灭	2549
灯	2550
灰	2551
灵	2552
灶	2553
灸	2554
灼	2555
灾	2556
灿	2557
炉	2558
炊	2559
炎	2560
炒	2561
炔	2562
炖	2563
炙	2564
炫	2565
炭	2566
炮	2567
炯	2568
炱	2569
炷	2570
炸	2571
点	2572
炼	2573
炽	2574
烁	2575
烂	2576
烈	2577
烘	2578
烙	2579
烛	2580
烟	2581
烤	2582
烦	2583
烧	2584
烩	2585
烫	2586
烬	2587
热	2588
烹	2589
烽	2590
焉	2591
焊	2592
焓	2593
焕	2594
焚	2595
焦	2596
焰	2597
焱	2598
然	2599
煅	2600
煌	2601
煎	2602
煞	2603
煦	2604
照	2605
煮	2606
煳	2607
煽	2608
熄	2609
熊	2610
熏	2611
熔	2612
熙	2613
熟	2614
熬	2615
熹	2616
燃	2617
燎	2618
燕	2619
燥	2620
爆	2621
爪	2622
爬	2623
爰	2624
爱	2625
父	2626
爷	2627
爹	2628
爻	2629
爽	2630
爿	2631
片	2632
版	2633
牌	2634
牒	2635
牙	2636
牛	2637
牟	2638
牡	2639
牢	2640
牧	2641
物	2642
牲	2643
牵	2644
特	2645
牺	2646
犀	2647
犁	2648
犊	2649
犬	2650
犯	2651
状	2652
犷	2653
犸	2654
犹	2655
狁	2656
狂	2657
狈	2658
狎	2659
狐	2660
狗	2661
狙	2662
狞	2663
狠	2664
狡	2665
狩	2666
独	2667
狭	2668
狮	2669
狯	2670
狰	2671
狱	2672
狲	2673
狸	2674
狼	2675
猎	2676
猖	2677
猛	2678
猜	2679
猢	2680
猥	2681
猩	2682
猪	2683
猫	2684
猬	2685
献	2686
猴	2687
猾	2688
猿	2689
獗	2690
獠	2691
獭	2692
玄	2693
率	2694
玉	2695
王	2696
玖	2697
玛	2698
玩	2699
玫	2700
环	2701
现	2702
玲	2703
玷	2704
玻	2705
珀	2706
珈	2707
珊	2708
珍	2709
珑	2710
珠	2711
班	2712
球	2713
琅	2714
理	2715
琉	2716
琐	2717
琚	2718
琢	2719
琥	2720
琨	2721
琳	2722
琴	2723
琵	2724
琶	2725
琼	2726
瑕	2727
瑜	2728
瑞	2729
瑟	2730
瑰	2731
瑶	2732
瑷	2733
璀	2734
璃	2735
璇	2736
璞	2737
璧	2738
璨	2739
瓒	2740
瓜	2741
瓢	2742
瓣	2743
瓦	2744
瓮	2745
瓶	2746
瓷	2747
甄	2748
甏	2749
甘	2750
甚	2751
甜	2752
生	2753
甥	2754
用	2755
甩	2756
甫	2757
田	2758
由	2759
甲	2760
申	2761
电	2762
男	2763
甸	2764
画	2765
甾	2766
畅	2767
界	2768
畏	2769
畔	2770
留	2771
畚	2772
畜	2773
略	2774
番	2775
畴	2776
畸	2777
疆	2778
疏	2779
疑	2780
疗	2781
疙	2782
疚	2783
疟	2784
疤	2785
疫	2786
疮	2787
疯	2788
疰	2789
疲	2790
疵	2791
疼	2792
疾	2793
病	2794
症	2795
痊	2796
痍	2797
痒	2798
痕	2799
痖	2800
痛	2801
痨	2802
痪	2803
痫	2804
痰	2805
痱	2806
痴	2807
痹	2808
痿	2809
瘀	2810
瘘	2811
瘙	2812
瘤	2813
瘥	2814
瘦	2815
瘩	2816
瘪	2817
瘫	2818
瘴	2819
瘸	2820
瘾	2821
瘿	2822
癀	2823
癌	2824
癔	2825
癖	2826
癞	2827
癫	2828
登	2829
發	2830
白	2831
百	2832
皂	2833
的	2834
皆	2835
皇	2836
皓	2837
皖	2838
皙	2839
皮	2840
皱	2841
皴	2842
皿	2843
盂	2844
盅	2845
盆	2846
盈	2847
益	2848
盍	2849
盎	2850
盏	2851
盐	2852
监	2853
盒	2854
盔	2855
盖	2856
盗	2857
盘	2858
盛	2859
盟	2860
盡	2861
目	2862
盯	2863
盲	2864
直	2865
相	2866
盼	2867
盾	2868
省	2869
眈	2870
眉	2871
看	2872
眚	2873
真	2874
眠	2875
眦	2876
眨	2877
眩	2878
眯	2879
眵	2880
眶	2881
眷	2882
眸	2883
眺	2884
眼	2885
着	2886
睁	2887
睐	2888
睑	2889
睚	2890
睛	2891
睡	2892
督	2893
睥	2894
睨	2895
睫	2896
睬	2897
睹	2898
睺	2899
睽	2900
睾	2901
睿	2902
瞄	2903
瞅	2904
瞌	2905
瞎	2906
瞑	2907
瞒	2908
瞟	2909
瞥	2910
瞧	2911
瞩	2912
瞪	2913
瞬	2914
瞳	2915
瞵	2916
瞻	2917
矍	2918
矗	2919
矛	2920
矜	2921
矢	2922
矣	2923
知	2924
矩	2925
矫	2926
短	2927
矮	2928
石	2929
矿	2930
砀	2931
码	2932
砂	2933
砉	2934
砍	2935
砑	2936
砒	2937
研	2938
砖	2939
砗	2940
砘	2941
砚	2942
砝	2943
砣	2944
砥	2945
砧	2946
砩	2947
砬	2948
砭	2949
砰	2950
破	2951
砷	2952
砸	2953
砺	2954
砻	2955
础	2956
硅	2957
硇	2958
硌	2959
硕	2960
硝	2961
硫	2962
硬	2963
硭	2964
确	2965
硼	2966
碇	2967
碉	2968
碌	2969
碍	2970
碎	2971
碑	2972
碗	2973
碛	2974
碜	2975
碟	2976
碣	2977
碥	2978
碧	2979
碰	2980
碳	2981
碴	2982
碾	2983
磁	2984
磅	2985
磊	2986
磋	2987
磐	2988
磕	2989
磨	2990
磬	2991
磷	2992
磺	2993
礁	2994
礓	2995
礴	2996
示	2997
礼	2998
社	2999
祁	3000
祆	3001
祈	3002
祖	3003
祗	3004
祛	3005
祜	3006
祝	3007
神	3008
祟	3009
祠	3010
祢	3011
祥	3012
票	3013
祭	3014
祯	3015
祷	3016
祸	3017
禀	3018
禁	3019
福	3020
禺	3021
离	3022
禽	3023
禾	3024
秀	3025
私	3026
秃	3027
秉	3028
秋	3029
种	3030
科	3031
秒	3032
秘	3033
租	3034
秣	3035
秤	3036
秦	3037
秧	3038
秩	3039
秭	3040
积	3041
称	3042
秸	3043
移	3044
秽	3045
稀	3046
稃	3047
程	3048
稍	3049
税	3050
稗	3051
稚	3052
稠	3053
稳	3054
稻	3055
稼	3056
稽	3057
稿	3058
穆	3059
穑	3060
穗	3061
穴	3062
究	3063
穷	3064
穸	3065
穹	3066
空	3067
穿	3068
突	3069
窃	3070
窄	3071
窈	3072
窍	3073
窒	3074
窕	3075
窖	3076
窗	3077
窘	3078
窜	3079
窝	3080
窟	3081
窥	3082
窦	3083
窭	3084
立	3085
竖	3086
站	3087
竞	3088
竟	3089
章	3090
竣	3091
童	3092
竭	3093
端	3094
竹	3095
竽	3096
竿	3097
笋	3098
笑	3099
笔	3100
笛	3101
笠	3102
符	3103
笨	3104
笫	3105
第	3106
笺	3107
笼	3108
等	3109
筋	3110
筏	3111
筐	3112
筑	3113
筒	3114
答	3115
策	3116
筚	3117
筛	3118
筝	3119
筲	3120
筷	3121
筹	3122
签	3123
简	3124
箔	3125
算	3126
管	3127
箩	3128
箫	3129
箭	3130
箱	3131
篇	3132
篑	3133
篓	3134
篝	3135
篡	3136
篮	3137
篱	3138
篷	3139
簇	3140
簋	3141
簌	3142
簖	3143
簦	3144
簧	3145
簸	3146
簿	3147
籁	3148
籍	3149
米	3150
类	3151
籽	3152
粉	3153
粒	3154
粗	3155
粘	3156
粜	3157
粟	3158
粤	3159
粪	3160
粮	3161
粱	3162
粹	3163
粼	3164
精	3165
糅	3166
糇	3167
糊	3168
糌	3169
糕	3170
糖	3171
糗	3172
糙	3173
糟	3174
糠	3175
糨	3176
糯	3177
系	3178
紊	3179
素	3180
索	3181
紧	3182
紫	3183
累	3184
絮	3185
綮	3186
網	3187
繁	3188
纠	3189
红	3190
纣	3191
纤	3192
纥	3193
约	3194
级	3195
纪	3196
纬	3197
纯	3198
纰	3199
纱	3200
纲	3201
纳	3202
纵	3203
纶	3204
纷	3205
纸	3206
纹	3207
纺	3208
纽	3209
线	3210
绁	3211
绂	3212
练	3213
组	3214
绅	3215
细	3216
织	3217
终	3218
绉	3219
绊	3220
绍	3221
绎	3222
经	3223
绐	3224
绑	3225
绒	3226
结	3227
绔	3228
绕	3229
绘	3230
给	3231
绚	3232
络	3233
绝	3234
绞	3235
统	3236
绣	3237
绦	3238
继	3239
绩	3240
绪	3241
绫	3242
续	3243
绮	3244
绯	3245
绰	3246
绳	3247
维	3248
绵	3249
绷	3250
绸	3251
综	3252
绽	3253
绿	3254
缀	3255
缁	3256
缄	3257
缅	3258
缇	3259
缈	3260
缉	3261
缎	3262
缏	3263
缓	3264
缔	3265
缕	3266
编	3267
缘	3268
缚	3269
缜	3270
缝	3271
缠	3272
缤	3273
缥	3274
缧	3275
缨	3276
缩	3277
缪	3278
缫	3279
缭	3280
缰	3281
缱	3282
缴	3283
缸	3284
缺	3285
罂	3286
罅	3287
罐	3288
网	3289
罔	3290
罕	3291
罗	3292
罚	3293
罡	3294
罢	3295
罩	3296
罪	3297
置	3298
署	3299
罴	3300
罾	3301
羁	3302
羊	3303
羌	3304
美	3305
羔	3306
羚	3307
羞	3308
羟	3309
羡	3310
群	3311
羸	3312
羹	3313
羽	3314
翁	3315
翅	3316
翌	3317
翎	3318
翔	3319
翘	3320
翠	3321
翡	3322
翦	3323
翩	3324
翰	3325
翱	3326
翳	3327
翻	3328
翼	3329
耀	3330
老	3331
考	3332
耄	3333
者	3334
而	3335
耍	3336
耐	3337
耒	3338
耗	3339
耧	3340
耨	3341
耩	3342
耳	3343
耶	3344
耷	3345
耸	3346
耻	3347
耽	3348
耿	3349
聆	3350
聊	3351
聋	3352
职	3353
聒	3354
联	3355
聘	3356
聚	3357
聪	3358
肃	3359
肆	3360
肉	3361
肋	3362
肌	3363
肖	3364
肘	3365
肚	3366
肛	3367
肝	3368
肠	3369
股	3370
肢	3371
肤	3372
肥	3373
肩	3374
肮	3375
肯	3376
育	3377
肴	3378
肺	3379
肼	3380
肽	3381
肿	3382
胀	3383
胁	3384
胃	3385
胄	3386
胆	3387
背	3388
胍	3389
胎	3390
胖	3391
胚	3392
胜	3393
胞	3394
胡	3395
胥	3396
胧	3397
胬	3398
胭	3399
胯	3400
胱	3401
胳	3402
胶	3403
胸	3404
能	3405
脂	3406
脆	3407
脉	3408
脊	3409
脍	3410
脏	3411
脐	3412
脑	3413
脔	3414
脖	3415
脘	3416
脚	3417
脞	3418
脯	3419
脱	3420
脸	3421
脾	3422
腆	3423
腊	3424
腐	3425
腑	3426
腔	3427
腕	3428
腥	3429
腮	3430
腰	3431
腴	3432
腹	3433
腻	3434
腼	3435
腾	3436
腿	3437
膀	3438
膊	3439
膏	3440
膘	3441
膛	3442
膜	3443
膝	3444
膦	3445
膨	3446
膺	3447
臀	3448
臂	3449
臃	3450
臆	3451
臊	3452
臣	3453
臧	3454
自	3455
臬	3456
臭	3457
至	3458
致	3459
臻	3460
臾	3461
舀	3462
舁	3463
舂	3464
舅	3465
舆	3466
舌	3467
舍	3468
舒	3469
舔	3470
舞	3471
舟	3472
舢	3473
舣	3474
航	3475
舫	3476
般	3477
舰	3478
舱	3479
舳	3480
舴	3481
舵	3482
船	3483
艇	3484
艋	3485
艘	3486
艨	3487
艮	3488
良	3489
艰	3490
色	3491
艳	3492
艺	3493
艾	3494
艿	3495
节	3496
芊	3497
芋	3498
芒	3499
芗	3500
芙	3501
芜	3502
芝	3503
芟	3504
芥	3505
芦	3506
芬	3507
芭	3508
芯	3509
花	3510
芳	3511
芶	3512
芸	3513
芽	3514
苄	3515
苇	3516
苍	3517
苏	3518
苑	3519
苒	3520
苓	3521
苔	3522
苗	3523
苛	3524
苜	3525
苞	3526
苟	3527
苠	3528
若	3529
苦	3530
英	3531
苷	3532
苹	3533
苻	3534
茁	3535
茂	3536
范	3537
茄	3538
茅	3539
茇	3540
茎	3541
茑	3542
茗	3543
茛	3544
茧	3545
茫	3546
茬	3547
茭	3548
茯	3549
茶	3550
茸	3551
茹	3552
荀	3553
荃	3554
荆	3555
荇	3556
草	3557
荐	3558
荑	3559
荒	3560
荔	3561
荚	3562
荜	3563
荟	3564
荡	3565
荣	3566
荤	3567
荧	3568
荫	3569
荮	3570
药	3571
荷	3572
荻	3573
荼	3574
莆	3575
莉	3576
莎	3577
莒	3578
莞	3579
莩	3580
莪	3581
莫	3582
莰	3583
莱	3584
莲	3585
获	3586
莹	3587
莺	3588
莽	3589
菁	3590
菅	3591
菇	3592
菊	3593
菏	3594
菜	3595
菝	3596
菩	3597
菱	3598
菲	3599
萃	3600
萋	3601
萌	3602
萍	3603
萎	3604
萏	3605
萝	3606
萤	3607
营	3608
萦	3609
萧	3610
萨	3611
萸	3612
萼	3613
落	3614
葆	3615
葑	3616
著	3617
葙	3618
葛	3619
葜	3620
葡	3621
董	3622
葩	3623
葫	3624
葬	3625
葱	3626
葸	3627
蒂	3628
蒄	3629
蒉	3630
蒌	3631
蒙	3632
蒜	3633
蒲	3634
蒴	3635
蒸	3636
蓄	3637
蓍	3638
蓑	3639
蓖	3640
蓝	3641
蓦	3642
蓬	3643
蔑	3644
蔓	3645
蔗	3646
蔚	3647
蔟	3648
蔡	3649
蔫	3650
蔷	3651
蔼	3652
蔽	3653
蕃	3654
蕉	3655
蕴	3656
蕺	3657
蕻	3658
蕾	3659
薄	3660
薅	3661
薇	3662
薛	3663
薪	3664
薯	3665
薰	3666
藉	3667
藏	3668
藐	3669
藓	3670
藕	3671
藤	3672
蘑	3673
蘸	3674
虎	3675
虏	3676
虐	3677
虑	3678
虔	3679
虚	3680
虫	3681
虹	3682
虽	3683
虾	3684
蚀	3685
蚁	3686
蚂	3687
蚊	3688
蚌	3689
蚍	3690
蚓	3691
蚕	3692
蚜	3693
蚣	3694
蚤	3695
蚪	3696
蚯	3697
蚰	3698
蚱	3699
蚴	3700
蛀	3701
蛄	3702
蛆	3703
蛇	3704
蛊	3705
蛋	3706
蛘	3707
蛙	3708
蛛	3709
蛟	3710
蛤	3711
蛭	3712
蛮	3713
蛰	3714
蛴	3715
蛹	3716
蛾	3717
蜀	3718
蜂	3719
蜃	3720
蜈	3721
蜉	3722
蜍	3723
蜒	3724
蜓	3725
蜕	3726
蜗	3727
蜘	3728
蜚	3729
蜜	3730
蜥	3731
蜴	3732
蜷	3733
蜻	3734
蜿	3735
蝇	3736
蝉	3737
蝌	3738
蝎	3739
蝗	3740
蝙	3741
蝠	3742
蝣	3743
蝥	3744
蝮	3745
蝴	3746
蝶	3747
蝼	3748
螂	3749
螃	3750
螋	3751
融	3752
螓	3753
螟	3754
螯	3755
螳	3756
螺	3757
蟆	3758
蟑	3759
蟒	3760
蟓	3761
蟠	3762
蟹	3763
蟾	3764
蠕	3765
蠖	3766
蠛	3767
蠢	3768
血	3769
衅	3770
行	3771
衍	3772
衔	3773
街	3774
衙	3775
衡	3776
衣	3777
补	3778
表	3779
衩	3780
衫	3781
衬	3782
衰	3783
衷	3784
袁	3785
袂	3786
袅	3787
袈	3788
袋	3789
袍	3790
袒	3791
袖	3792
袤	3793
被	3794
袭	3795
袱	3796
袼	3797
裁	3798
裂	3799
装	3800
裆	3801
裉	3802
裔	3803
裕	3804
裘	3805
裙	3806
裟	3807
裢	3808
裣	3809
裤	3810
裨	3811
裱	3812
裳	3813
裸	3814
裹	3815
褂	3816
褐	3817
褒	3818
褛	3819
褡	3820
褥	3821
褪	3822
褴	3823
褶	3824
襞	3825
襟	3826
西	3827
要	3828
覆	3829
覰	3830
见	3831
观	3832
规	3833
觅	3834
视	3835
觇	3836
览	3837
觉	3838
觊	3839
觋	3840
觎	3841
觐	3842
觑	3843
角	3844
解	3845
触	3846
言	3847
誉	3848
誓	3849
說	3850
謦	3851
警	3852
讀	3853
计	3854
订	3855
讣	3856
认	3857
讥	3858
讦	3859
讧	3860
讨	3861
让	3862
讪	3863
训	3864
议	3865
讯	3866
记	3867
讲	3868
讳	3869
讴	3870
讶	3871
讷	3872
许	3873
讹	3874
论	3875
讽	3876
设	3877
访	3878
诀	3879
证	3880
评	3881
诅	3882
识	3883
诈	3884
诉	3885
诊	3886
诌	3887
词	3888
译	3889
诒	3890
试	3891
诗	3892
诘	3893
诚	3894
诛	3895
话	3896
诞	3897
诠	3898
诡	3899
询	3900
诣	3901
诤	3902
该	3903
详	3904
诧	3905
诨	3906
诩	3907
诫	3908
语	3909
诮	3910
误	3911
诱	3912
诲	3913
诳	3914
说	3915
诵	3916
诶	3917
请	3918
诸	3919
诺	3920
读	3921
诽	3922
课	3923
诿	3924
谀	3925
谁	3926
调	3927
谄	3928
谅	3929
谆	3930
谈	3931
谊	3932
谋	3933
谎	3934
谏	3935
谐	3936
谑	3937
谓	3938
谔	3939
谕	3940
谛	3941
谜	3942
谟	3943
谢	3944
谣	3945
谤	3946
谦	3947
谧	3948
谨	3949
谩	3950
谪	3951
谬	3952
谭	3953
谮	3954
谰	3955
谱	3956
谲	3957
谴	3958
谶	3959
谷	3960
豁	3961
豆	3962
豕	3963
象	3964
豢	3965
豪	3966
豫	3967
豹	3968
豺	3969
貉	3970
貌	3971
贝	3972
贞	3973
负	3974
贡	3975
财	3976
责	3977
贤	3978
败	3979
账	3980
货	3981
质	3982
贩	3983
贪	3984
贫	3985
贬	3986
购	3987
贯	3988
贱	3989
贴	3990
贵	3991
贸	3992
费	3993
贺	3994
贻	3995
贼	3996
贽	3997
贿	3998
赁	3999
赂	4000
赃	4001
资	4002
赉	4003
赊	4004
赋	4005
赌	4006
赍	4007
赎	4008
赏	4009
赐	4010
赔	4011
赖	4012
赘	4013
赚	4014
赛	4015
赝	4016
赞	4017
赠	4018
赢	4019
赤	4020
赦	4021
赫	4022
走	4023
赴	4024
赵	4025
赶	4026
起	4027
趁	4028
超	4029
越	4030
趋	4031
趟	4032
趣	4033
足	4034
趴	4035
趵	4036
趾	4037
趿	4038
跃	4039
跄	4040
跋	4041
跌	4042
跑	4043
跗	4044
距	4045
跟	4046
跨	4047
跪	4048
跬	4049
路	4050
跳	4051
践	4052
跶	4053
跷	4054
跺	4055
跻	4056
踉	4057
踊	4058
踌	4059
踏	4060
踞	4061
踟	4062
踢	4063
踩	4064
踪	4065
踮	4066
踵	4067
踹	4068
蹀	4069
蹂	4070
蹄	4071
蹇	4072
蹈	4073
蹊	4074
蹋	4075
蹙	4076
蹦	4077
蹬	4078
蹭	4079
蹯	4080
蹰	4081
蹲	4082
蹴	4083
蹶	4084
蹿	4085
躁	4086
躇	4087
躏	4088
身	4089
躬	4090
躯	4091
躲	4092
躺	4093
軎	4094
车	4095
轨	4096
轩	4097
转	4098
轮	4099
软	4100
轰	4101
轱	4102
轴	4103
轶	4104
轸	4105
轻	4106
载	4107
轿	4108
较	4109
辅	4110
辆	4111
辈	4112
辉	4113
辑	4114
输	4115
辕	4116
辖	4117
辗	4118
辘	4119
辙	4120
辛	4121
辜	4122
辞	4123
辟	4124
辣	4125
辨	4126
辩	4127
辫	4128
辰	4129
辱	4130
边	4131
辽	4132
达	4133
迁	4134
迂	4135
迄	4136
迅	4137
过	4138
迈	4139
迎	4140
运	4141
近	4142
迓	4143
返	4144
迕	4145
还	4146
这	4147
进	4148
远	4149
违	4150
连	4151
迟	4152
迢	4153
迦	4154
迨	4155
迪	4156
迫	4157
迭	4158
述	4159
迳	4160
迷	4161
迸	4162
迹	4163
追	4164
退	4165
送	4166
适	4167
逃	4168
逅	4169
逆	4170
选	4171
逊	4172
逍	4173
透	4174
逐	4175
逑	4176
递	4177
途	4178
逗	4179
通	4180
逛	4181
逝	4182
逞	4183
速	4184
造	4185
逡	4186
逢	4187
逦	4188
逮	4189
逶	4190
逸	4191
逻	4192
逼	4193
逾	4194
遁	4195
遂	4196
遄	4197
遇	4198
遍	4199
遏	4200
遐	4201
遑	4202
道	4203
遗	4204
遛	4205
遢	4206
遣	4207
遥	4208
遨	4209
遭	4210
遮	4211
遵	4212
避	4213
邀	4214
邂	4215
邃	4216
邋	4217
邓	4218
邙	4219
邝	4220
那	4221
邦	4222
邪	4223
邬	4224
邯	4225
邱	4226
邳	4227
邴	4228
邵	4229
邸	4230
邹	4231
邻	4232
郁	4233
郄	4234
郊	4235
郎	4236
郑	4237
郓	4238
郝	4239
郡	4240
郧	4241
部	4242
郭	4243
都	4244
鄙	4245
鄯	4246
酋	4247
酌	4248
配	4249
酒	4250
酝	4251
酡	4252
酣	4253
酥	4254
酬	4255
酱	4256
酶	4257
酷	4258
酸	4259
酿	4260
醇	4261
醉	4262
醋	4263
醒	4264
醚	4265
采	4266
释	4267
里	4268
重	4269
野	4270
量	4271
金	4272
釜	4273
鉴	4274
銎	4275
銮	4276
鍪	4277
针	4278
钉	4279
钊	4280
钎	4281
钏	4282
钓	4283
钕	4284
钛	4285
钜	4286
钝	4287
钟	4288
钡	4289
钢	4290
钣	4291
钤	4292
钥	4293
钦	4294
钧	4295
钨	4296
钩	4297
钮	4298
钱	4299
钳	4300
钵	4301
钸	4302
钻	4303
钿	4304
铁	4305
铂	4306
铃	4307
铅	4308
铆	4309
铍	4310
铎	4311
铛	4312
铜	4313
铝	4314
铠	4315
铣	4316
铤	4317
铥	4318
铨	4319
铩	4320
铪	4321
铬	4322
铭	4323
铮	4324
铰	4325
铱	4326
铲	4327
银	4328
铸	4329
铺	4330
铽	4331
链	4332
铿	4333
销	4334
锁	4335
锅	4336
锆	4337
锈	4338
锊	4339
锋	4340
锏	4341
锐	4342
锒	4343
锗	4344
错	4345
锡	4346
锢	4347
锣	4348
锤	4349
锥	4350
锦	4351
锨	4352
锩	4353
键	4354
锯	4355
锰	4356
锲	4357
锴	4358
锵	4359
锶	4360
锺	4361
锻	4362
锼	4363
锾	4364
镀	4365
镁	4366
镂	4367
镇	4368
镊	4369
镌	4370
镎	4371
镑	4372
镖	4373
镜	4374
镪	4375
镰	4376
镳	4377
镶	4378
长	4379
閱	4380
门	4381
闩	4382
闪	4383
闫	4384
闭	4385
问	4386
闯	4387
闰	4388
闲	4389
闳	4390
间	4391
闷	4392
闸	4393
闹	4394
闺	4395
闻	4396
闾	4397
阁	4398
阂	4399
阃	4400
阄	4401
阅	4402
阎	4403
阑	4404
阒	4405
阔	4406
阗	4407
阙	4408
阜	4409
队	4410
阱	4411
防	4412
阳	4413
阴	4414
阵	4415
阶	4416
阻	4417
阿	4418
陀	4419
附	4420
际	4421
陆	4422
陈	4423
陋	4424
陌	4425
降	4426
限	4427
陔	4428
陛	4429
陡	4430
院	4431
除	4432
陧	4433
陨	4434
险	4435
陪	4436
陵	4437
陶	4438
陷	4439
陸	4440
隅	4441
隆	4442
随	4443
隐	4444
隔	4445
隘	4446
隙	4447
障	4448
隧	4449
隶	4450
难	4451
雀	4452
雁	4453
雄	4454
雅	4455
集	4456
雇	4457
雌	4458
雍	4459
雏	4460
雕	4461
雨	4462
雪	4463
雳	4464
零	4465
雷	4466
雾	4467
需	4468
霁	4469
霄	4470
霆	4471
震	4472
霉	4473
霍	4474
霎	4475
霓	4476
霖	4477
霜	4478
霞	4479
霭	4480
霰	4481
露	4482
霸	4483
霹	4484
青	4485
靓	4486
靖	4487
静	4488
靛	4489
非	4490
靠	4491
靡	4492
面	4493
革	4494
靳	4495
靴	4496
靶	4497
鞋	4498
鞍	4499
鞒	4500
鞘	4501
鞠	4502
鞣	4503
鞫	4504
鞭	4505
鞯	4506
韦	4507
韧	4508
韩	4509
韬	4510
音	4511
韵	4512
韶	4513
韾	4514
页	4515
顶	4516
顷	4517
项	4518
顺	4519
须	4520
顼	4521
顽	4522
顾	4523
顿	4524
颀	4525
颁	4526
预	4527
颅	4528
领	4529
颇	4530
颈	4531
颉	4532
颊	4533
颌	4534
颍	4535
颏	4536
频	4537
颓	4538
颖	4539
颗	4540
题	4541
颚	4542
颜	4543
额	4544
颠	4545
颡	4546
颢	4547
颤	4548
颦	4549
颧	4550
风	4551
飒	4552
飓	4553
飕	4554
飘	4555
飙	4556
飚	4557
飞	4558
食	4559
餐	4560
饥	4561
饪	4562
饭	4563
饮	4564
饰	4565
饱	4566
饲	4567
饵	4568
饶	4569
饷	4570
饺	4571
饼	4572
饿	4573
馄	4574
馅	4575
馆	4576
馈	4577
馊	4578
馋	4579
馍	4580
馒	4581
首	4582
馘	4583
香	4584
馨	4585
马	4586
驭	4587
驮	4588
驯	4589
驰	4590
驱	4591
驳	4592
驴	4593
驶	4594
驻	4595
驼	4596
驾	4597
驿	4598
骀	4599
骁	4600
骂	4601
骄	4602
骆	4603
骇	4604
骋	4605
验	4606
骏	4607
骐	4608
骑	4609
骖	4610
骗	4611
骚	4612
骛	4613
骜	4614
骡	4615
骤	4616
骥	4617
骧	4618
骨	4619
骷	4620
骸	4621
骼	4622
髀	4623
髅	4624
髓	4625
高	4626
髻	4627
鬏	4628
鬓	4629
鬟	4630
鬲	4631
鬼	4632
魁	4633
魂	4634
魃	4635
魄	4636
魅	4637
魇	4638
魉	4639
魑	4640
魔	4641
鱼	4642
鲁	4643
鲅	4644
鲇	4645
鲍	4646
鲑	4647
鲒	4648
鲛	4649
鲜	4650
鲤	4651
鲦	4652
鲨	4653
鲫	4654
鲭	4655
鲲	4656
鲶	4657
鲸	4658
鲼	4659
鳃	4660
鳄	4661
鳅	4662
鳌	4663
鳐	4664
鳖	4665
鳗	4666
鳙	4667
鳞	4668
鸟	4669
鸡	4670
鸣	4671
鸦	4672
鸨	4673
鸪	4674
鸭	4675
鸯	4676
鸳	4677
鸵	4678
鸽	4679
鸾	4680
鸿	4681
鹁	4682
鹄	4683
鹅	4684
鹆	4685
鹊	4686
鹌	4687
鹏	4688
鹛	4689
鹜	4690
鹤	4691
鹫	4692
鹬	4693
鹰	4694
鹿	4695
麒	4696
麓	4697
麟	4698
麦	4699
麸	4700
麻	4701
麾	4702
黄	4703
黉	4704
黍	4705
黎	4706
黏	4707
黑	4708
黒	4709
默	4710
黛	4711
黝	4712
黠	4713
黯	4714
黹	4715
鼎	4716
鼓	4717
鼠	4718
鼬	4719
鼹	4720
鼻	4721
鼾	4722
齐	4723
齑	4724
齿	4725
龄	4726
龇	4727
龈	4728
龉	4729
龊	4730
龌	4731
龙	4732
龚	4733
龟	4734
龠	4735
	4736
	4737
	4738
︴	4739
！	4740
＃	4741
（	4742
）	4743
，	4744
－	4745
．	4746
／	4747
１	4748
４	4749
６	4750
８	4751
：	4752
；	4753
？	4754
Ａ	4755
Ｃ	4756
Ｈ	4757
Ｋ	4758
Ｎ	4759
Ｏ	4760
Ｐ	4761
Ｓ	4762
Ｔ	4763
Ｗ	4764
Ｘ	4765
［	4766
＼	4767
］	4768
ａ	4769
ｃ	4770
ｄ	4771
ｅ	4772
ｉ	4773
ｋ	4774
ｌ	4775
ｍ	4776
ｎ	4777
ｏ	4778
ｐ	4779
ｓ	4780
ｗ	4781
ｘ	4782
｜	4783
～	4784
￠	4785
